method,count,psnr_mean,psnr_std,ssim_mean,ssim_std
Nearest,5,34.4333,2.9373,0.986749,0.002956
Linear,5,44.0527,3.3428,0.998137,0.000576
Cubic,5,46.8666,4.0392,0.998928,0.000395
Area,5,38.9005,3.2728,0.995055,0.001109
Lanczos4,5,46.9653,3.8738,0.998916,0.000357
